label,name,notice,furigana
燃えるごみ,アイスクリームのカップ（紙製）,,あ
容器包装プラスチック,アイスクリームのカップ（プラスチック製）,中を洗って出す。,あ
燃えるごみ,アイスノン,,あ
燃えないごみ,アイロン・アイロン台,,あ
資源物,空き缶（飲料用）,必ず残量を取り除いて、中を洗って出す。汚れがひどいものは「燃えないごみ」で出す。,あ
燃えないごみ,空き缶（食品用）,必ず残量を取り除いて、中を洗って出す。,あ
資源物,空きびん（飲料用）,必ず残量を取り除いて、中を洗って出す。キャップははずして金属製キャップは燃えないごみに出す。汚れがひどいものは「燃えないごみ」で出す。,あ
資源物,空きびん（食品用）,必ず残量を取り除いて、中を洗って出す。キャップははずして金属製キャップは燃えないごみに出す。汚れがひどいものは「燃えないごみ」で出す。,あ
燃えないごみ,空きびん（化粧品用）,必ず残量を取り除いて、中を洗って出す。キャップははずして金属製キャップは燃えないごみに出す。汚れがひどいものは「燃えないごみ」で出す。,あ
燃えないごみ,アクセサリー（金属）,,あ
粗大ごみ,アコーディオンカーテン,指定袋に入る場合は、「燃えないごみ」に出す。直接施設に搬入する場合は、リサイクルプラザへ。,あ
燃えるごみ,足ふきマット,,あ
リサイクル,厚紙,町のリサイクルに出すか、クリーンセンターに持ち込む。,あ
燃えないごみ,圧力鍋,,あ
燃えないごみ,油の容器（1.8リットルの缶）,中身はきれいに使い切って出す。,あ
容器包装プラスチック,油の容器（プラスチック製）,中身はきれいに使い切って出す。キャップもはずして容器包装プラスチックに出す。,あ
資源物,油びん,中身はきれいに使い切って出す。キャップははずして金属製キャップは燃えないごみに出す。,あ
粗大ごみ,雨戸,指定袋に入る場合は、「燃えないごみ」に出す。直接施設に搬入する場合は、リサイクルプラザへ。,あ
燃えないごみ,雨どい,大量の場合は専門業者へ出す。,あ
燃えるごみ,網・網戸の網,,あ
粗大ごみ,網戸,指定袋に入る場合は、「燃えないごみ」に出す。直接施設に搬入する場合は、リサイクルプラザへ。,あ
燃えないごみ,アルバム（プラスチック製）,,あ
燃えるごみ,アルバム（紙・布製）,,あ
資源物,アルミ缶（飲料用）,必ず残量を取り除いて、中を洗って出す。アルミ缶（食品用）は燃えないごみに出す。,あ
燃えないごみ,アルミ缶（食品用）,必ず残量を取り除いて、中を洗って出す。,あ
燃えないごみ,アルミホイル（鉢盛・キャンプ用の厚手の物）,必ず残量を取り除いて、中を洗って出す。,あ
燃えるごみ,アルミホイル（弁当等の薄いもの）,,あ
リサイクル,アルミホイルの芯,町のリサイクルに出すか､クリーンセンターに持ち込む。,あ
燃えるごみ,安全靴,,あ
燃えないごみ,安全ピン,菓子缶などに入れて出す。,あ
燃えないごみ,アンテナ,,あ
粗大ごみ,あんま機,指定袋に入る場合は、燃えないごみに出す。直接施設に搬入する場合は、リサイクルプラザへ。,あ
出せない,石,燃えないごみ袋に入れて直接リサイクルプラザに持ち込む。,い
粗大ごみ,衣装ケース,指定袋に入る場合は、燃えないごみに出す。直接施設に搬入する場合は、リサイクルプラザへ。,い
粗大ごみ,いす,指定袋に入る場合は、燃えないごみに出す。直接施設に搬入する場合は、リサイクルプラザへ。,い
粗大ごみ,一輪車,指定袋に入る場合は、燃えないごみに出す。直接施設に搬入する場合は、リサイクルプラザへ。,い
資源物,一升瓶（酒、油、しょう油等）,販売店で引き取ってもらう。,い
燃えないごみ,一升瓶のふた,プラスチック製キャップは容器包装プラスチックに出す。,い
燃えないごみ,一斗缶（金属製）,中身はきれいに使い切って出す。,い
出せない,井戸ポンプ,専門業者へ持って行く。,い
粗大ごみ,犬小屋,指定袋に入る場合は、燃えないごみに出す。直接施設に搬入する場合は、リサイクルプラザへ。,い
出せない,鋳物（いもの）,専門業者へ持って行く。,い
燃えないごみ,イヤホン,,い
燃えるごみ,衣類,,い
出せない,衣類乾燥機,家電リサイクル法に基づき処理する。,い
燃えないごみ,入れ歯,,い
燃えないごみ,印鑑（木製以外）,,い
燃えるごみ,印鑑,木製以外は燃えないごみに出す。,い
燃えないごみ,インクカートリッジ（プラスチック製）,販売店で引き取ってもらう。,い
リサイクル,インクカートリッジ空箱（紙製）,町のリサイクルに出すか､クリーンセンターに持ち込む。,い
リサイクル,飲料用パック（牛乳、ジュース等）,町のリサイクルに出すか、クリーンセンターに持ち込む。酒等のパックで金箔、アルミ、ビニールがついているものは燃えるごみとして出す。,い
資源物,飲料用びん（ボトル部分）,必ず残量を取り除いて、中を洗って出す。,い
燃えないごみ,飲料用びんのキャップ（金属製）,,い
容器包装プラスチック,飲料用びんのキャップ（プラスチック製）,,い
ペットボトル,飲料用ペットボトル,キャップとラベルははずして容器包装プラスチックへ入れる。中は洗って出す。,い
燃えないごみ,植木の支柱,,う
燃えるごみ,植木のせんていくず,袋に入る大きさに切る。入らない場合は長さ50cm以内に切ってクリーンセンターに直接持ち込む。直径が10cm以内のものはリサイクルプラザに直接持ち込む。,う
燃えないごみ,植木鉢,,う
容器包装プラスチック,ウェットティッシュ容器,,う
粗大ごみ,うす（木製）,指定袋に入る場合は、燃えるごみに出す。直接施設に搬入する場合は、クリーンセンターへ。,う
出せない,うす（石製）,専門業者へ持って行く。,う
燃えないごみ,腕時計,,う
燃えるごみ,運動靴,,う
出せない,エアコン（室外機含む),家電リサイクル法に基づき処理する。,え
容器包装プラスチック,エアーキャップ（電気製品等の保護材）,,え
資源物,栄養剤のびん,必ず残量を取り除いて、中を洗って出す。キャップははずして金属製キャップは燃えないごみに出す。,え
出せない,液晶テレビ,家電リサイクル法に基づき処理する。,え
燃えるごみ,エサ（ペット用）,,え
燃えるごみ,枝,袋に入る大きさに切る。入らない場合は長さ50cm以内に切ってクリーンセンターに直接持ち込む。直径が10cm以内のものはリサイクルプラザに直接持ち込む。,え
燃えないごみ,ＭＤ、ＭＤプレイヤー、ＭＤコンポ,,え
出せない,LPGボンベ,専門業者へ持って行く。,え
粗大ごみ,エレキギター・エレクトーン・オルガン,指定袋に入る場合は、燃えないごみに出す。直接施設に搬入する場合は、リサイクルプラザへ。,え
燃えないごみ,延長コード,,え
出せない,煙突,専門業者へ持って行く。,え
出せない,煙突ガード,専門業者へ持って行く。,え
燃えるごみ,鉛筆,,え
燃えないごみ,鉛筆削り,,え
出せない,塩ビパイプ・塩ビ管,専門業者へ持って行く。,え
出せない,オイル・オイルエレメント,ガソリンスタンドへ持って行く。,お
燃えないごみ,オイル缶,中身はきれいに使い切って出す。,お
燃えないごみ,オイルヒーター,,お
粗大ごみ,応接いす,指定袋に入る場合は、燃えないごみに出す。直接施設に搬入する場合は、リサイクルプラザへ。,お
粗大ごみ,大型トレーニング器具,指定袋に入る場合は、燃えないごみに出す。直接施設に搬入する場合は、リサイクルプラザへ。,お
粗大ごみ,オーディオ,指定袋に入る場合は、燃えないごみに出す。直接施設に搬入する場合は、リサイクルプラザへ。,お
粗大ごみ,オーディオラック,指定袋に入る場合は、燃えないごみに出す。直接施設に搬入する場合は、リサイクルプラザへ。,お
出せない,オートバイ,専門業者へ持っていく。,お
容器包装プラスチック,オードブル皿（プラスチック製）,,お
燃えるごみ,落ち葉,,お
燃えないごみ,汚物入れ（プラスチック製）,,お
燃えないごみ,おぼん（金属製、プラスチック製）,,お
燃えるごみ,おぼん（木製）,,お
燃えないごみ,おまる,,お
燃えるごみ,おむつ,汚物は取り除く。,お
燃えないごみ,おもちゃ（金属製、プラスチック製）,電池がある場合ははずして出す。,お
燃えるごみ,おもちゃ（木製・ビニール製）,電池がある場合ははずして出す。,お
出せない,温水器,専門業者へ持っていく。,お
出せない,温度計（水銀入り）,リサイクルプラザに持ち込む。,お
燃えないごみ,温度計（水銀以外）,水銀入りはリサイクルプラザへ持ち込む。,お
粗大ごみ,ガーデンフェンス,指定袋に入る場合は、燃えないごみに出す。直接施設に搬入する場合は、リサイクルプラザへ。,か
粗大ごみ,カーテンレール,ひも等でまとめて出す。指定袋に入る場合は、燃えないごみに出す。直接施設に搬入する場合は、リサイクルプラザへ。,か
燃えるごみ,カーテン,,か
燃えるごみ,カード（クレジットカード等）,氏名等が記入されているものは切って出す。,か
粗大ごみ,カーペット,コントローラ部分ははずして燃えないごみとして出す。指定袋に入る場合は、燃えるごみに出す。直接施設に搬入する場合は、クリーンセンターへ。,か
燃えないごみ,カーペットローラー,粘着テープは、燃えるごみに出す。,か
燃えるごみ,カーボン紙,,か
燃えるごみ,貝殻（アサリ､カキ､ホタテ等）,,か
燃えないごみ,懐中電灯,乾電池ははずす。,か
容器包装プラスチック,買い物袋（レジ袋）,,か
燃えるごみ,カイロ（使い捨て）,ただしベンジンを使用する金属ケースのカイロは燃えないごみに出す。,か
容器包装プラスチック,カイロの外袋（使い捨て）,,か
燃えないごみ,鏡,割れた物は、新聞紙に包んで出す。,か
燃えないごみ,鍵,,か
粗大ごみ,家具,指定袋に入る場合、木製は燃えるごみ、木製以外は燃えないごみに出す。直接施設に搬入する場合は、クリーンセンターへ。,か
燃えないごみ,カゴ（プラスチック製・金属製）,木製は燃えるごみに出す。,か
燃えるごみ,カゴ（木製）,プラスチック、金属製は燃えないごみに出す。,か
出せない,加工用金属板,専門業者へ持って行く。,か
燃えないごみ,傘,,か
燃えないごみ,傘立て,,か
燃えないごみ,ガス釜,,か
燃えないごみ,ガスカートリッジ,きれいに使い切って、穴をあけガスを抜いて出す。,か
燃えないごみ,ガスコンロ・カセットコンロ（卓上用）,,か
粗大ごみ,ガスストーブ,指定袋に入る場合は、燃えないごみに出す。直接施設に搬入する場合は、リサイクルプラザへ。,か
粗大ごみ,ガステーブル,指定袋に入る場合は、燃えないごみに出す。直接施設に搬入する場合は、リサイクルプラザへ。,か
出せない,ガスボンベ,専門業者へ持っていく。,か
燃えないごみ,カセットテープ・ケース,小袋に入れて出す。,か
燃えないごみ,カセットボンベ,きれいに使い切って、穴をあけガスを抜いて出す。,か
燃えないごみ,ガソリン携行缶,中身はきれいに使い切って出す。,か
リサイクル,カタログ,町のリサイクルに出すか､クリーンセンターに持ち込む。,か
燃えるごみ,活性炭,,か
燃えないごみ,カッターナイフ,刃の部分は新聞紙に包んで出す。,か
燃えるごみ,カッパ,,か
燃えないごみ,カップ（金属製・プラスチック製）,,か
燃えるごみ,カップ（紙製）,,か
容器包装プラスチック,カップ麺の外包装フィルム,,か
容器包装プラスチック,カップ麺容器のふた（プラスチック製）,紙製は燃えるごみに出す。,か
燃えるごみ,カップ麺容器のふた（紙製）,プラスチック製は容器包装プラスチックに出す。,か
容器包装プラスチック,カップラーメンの容器,中を洗って出す。,か
燃えるごみ,かつら,,か
燃えないごみ,蚊取り器（リキッド用）,,か
燃えるごみ,蚊取り線香,,か
燃えないごみ,蚊取り線香カバー,,か
燃えるごみ,蚊取りマット,,か
燃えるごみ,かばん,取りはずせる金具はとりはずして燃えないごみに出す。,か
燃えないごみ,花びん（ガラス、陶器）,割れた物は、新聞紙に包んで出す。,か
燃えるごみ,壁紙,,か
燃えないごみ,釜（かま）,,か
燃えるごみ,紙コップ・紙皿,,か
リサイクル,紙製容器包装,「紙」マークが付いたもの。町のリサイクルに出すか、クリーンセンターに持ち込む。,か
燃えないごみ,カミソリ・カミソリの換え刃,菓子缶などに入れて出す。,か
燃えるごみ,紙粘土,紙粘土以外の粘土は燃えないごみ,か
燃えないごみ,紙粘土以外の粘土,小袋に入れて出す。,か
燃えるごみ,髪の毛,,か
燃えるごみ,紙パック（掃除機等）,,か
リサイクル,紙袋,町のリサイクルに出すか、クリーンセンターに持ち込む。紙製以外の取っ手は取り除く。,か
燃えるごみ,ガム,,か
燃えるごみ,ガムテープ,,か
燃えないごみ,カメラ,,か
燃えるごみ,カメラのフィルム,,か
リサイクル,画用紙,町のリサイクルに出すか、クリーンセンターに持ち込む。,か
粗大ごみ,カラーボックス,指定袋に入る場合は、燃えないごみに出す。直接施設に搬入する場合は、リサイクルプラザへ。,か
粗大ごみ,カラオケ機器,指定袋に入る場合は、燃えないごみに出す。直接施設に搬入する場合は、リサイクルプラザへ。,か
燃えないごみ,ガラス板・コップ・食器,割れた物は、新聞紙に包んで出す。,か
粗大ごみ,刈払い機,刃の部分は新聞紙に包んで出す。指定袋に入る場合は、燃えないごみに出す。直接施設に搬入する場合は、リサイクルプラザへ。,か
燃えないごみ,軽石,,か
リサイクル,カレンダー,町のリサイクルに出すか、クリーンセンターに持ち込む。,か
燃えないごみ,カレンダー（金属の部分）,紙の部分は町のリサイクルに出す。,か
燃えるごみ,革靴・革手袋・革ベルト,,か
出せない,瓦,専門業者へ持って行く。,か
燃えるごみ,換気扇フィルター,,か
燃えないごみ,缶切り,新聞紙に包んで出す。,か
出せない,乾燥機（衣類用）,家電リサイクル法に基づき処理する。,か
燃えないごみ,乾燥機（ふとん乾燥機のみ）,衣類乾燥機は家電リサイクル法に基づき処理する。,か
燃えるごみ,乾燥剤,,か
リサイクル,乾電池,町のリサイクルに出すか､クリーンセンターもしくはリサイクルプラザに持ち込む。,か
燃えないごみ,貴金属,,き
粗大ごみ,ギター,指定袋に入る場合は、燃えないごみに出す。直接施設に搬入する場合は、リサイクルプラザへ。,き
燃えないごみ,キッチンガード,,き
燃えるごみ,キッチンタオル・ペーパー,,き
燃えるごみ,キッチンマット,,き
燃えるごみ,木の板・枝,袋に入る大きさに切る。,き
燃えるごみ,着物,,き
粗大ごみ,脚立,指定袋に入る場合は、燃えないごみに出す。直接施設に搬入する場合は、リサイクルプラザへ。,き
粗大ごみごみ,キャビネット,指定袋に入る場合は、燃えないごみに出す。直接施設に搬入する場合は、リサイクルプラザへ。,き
粗大ごみごみ,キャリーケース,指定袋に入る場合は、燃えないごみに出す。直接施設に搬入する場合は、リサイクルプラザへ。,き
リサイクル,牛乳パック,町のリサイクルに出すか、クリーンセンターに持ち込む。,き
燃えないごみ,吸盤,,き
燃えないごみ,給油ポンプ（電動式、手動式）,,き
資源物,牛乳びん,中を洗って出す。,き
リサイクル,教科書,町のリサイクルに出すか､クリーンセンターに持ち込む。,き
粗大ごみ,鏡台,指定袋に入る場合は、燃えないごみに出す。直接施設に搬入する場合は、リサイクルプラザへ。,き
出せない,業務用電気製品,専門業者へ持って行く。,き
燃えるごみ,銀紙,,き
出せない,金庫（耐火性）,専門業者へ持って行く。,き
燃えないごみ,金庫（耐火性以外）,耐火性金庫は専門業者へ持って行く。,き
燃えないごみ,金属バット,,き
燃えないごみ,空気入れ,,く
燃えないごみ,空気清浄機,,く
出せない,クーラー,家電リサイクル法に基づき処理する。,く
粗大ごみ,クーラーボックス,指定袋に入る場合は、燃えないごみに出す。直接施設に搬入する場合は、リサイクルプラザへ。,く
燃えないごみ,クギ,菓子缶などに入れて出す。,く
燃えるごみ,草,,く
燃えないごみ,くさり,,く
燃えるごみ,薬,,く
容器包装プラスチック,薬の包装シート（錠剤、カプセル等）,,く
資源物,薬びん,中を洗って出す。プラスチック製は容器包装プラスチックに出す。,く
容器包装プラスチック,薬容器（プラスチック製）,中を洗って、キャップもはずして容器包装プラスチックに出す。薬びんは資源物へ出す。,く
容器包装プラスチック,果物カゴ（プラスチック製）,,く
容器包装プラスチック,果物ネット,,く
燃えるごみ,靴（運動靴、長靴、革靴等）,スパイク等の金属は燃えないごみへ。,く
燃えるごみ,靴下,,く
燃えないごみ,靴消臭剤容器（スプレー缶）,きれいに使い切って、穴をあけガスを抜いて出す。キャップ部分は容器包装プラスチックに出す。,く
容器包装プラスチック,靴消臭剤容器（プラスチック製）,必ず残量を取り除き、中を洗って出す。スプレー部分もはずして容器包装プラスチックに出す。,く
燃えるごみ,クッション,,く
容器包装プラスチック,クッション材,,く
燃えないごみ,首輪,,く
燃えないごみ,グラス,割れた物は、新聞紙に包んで出す。,く
出せない,グラスウール,専門業者へ持って行く。,く
容器包装プラスチック,クリーニングのポリ袋,,く
燃えないごみ,クリスマスツリー,,く
粗大ごみ,車いす,直接施設に搬入する場合は、リサイクルプラザへ。,く
燃えるごみ,車の中の敷マット・シートカバー,,く
出せない,車のバッテリー,専門業者へ持って行く。,く
燃えるごみ,クレヨン,,く
燃えるごみ,グローブ,,く
リサイクル,グローランプ,町のリサイクルに出すか､リサイクルプラザに持ち込む。,く
燃えるごみ,クロス（ビニール製・布製）,,く
燃えないごみ,くん煙殺虫剤の容器（バルサンなど）,,く
燃えるごみ,軍手,,く
リサイクル,蛍光管,町のリサイクルに出すか､クリーンセンターもしくはリサイクルプラザに持ち込む。,け
リサイクル,蛍光灯,町のリサイクルに出すか､クリーンセンターもしくはリサイクルプラザに持ち込む。,け
燃えないごみ,蛍光灯のかさ,蛍光灯・蛍光管は町のリサイクルに出すかクリーンセンターもしくはリサイクルプラザに持ち込む。,け
燃えないごみ,計算機,,け
燃えないごみ,携帯電話,販売店で引き取ってもらう。,け
燃えるごみ,毛糸,,け
燃えないごみ,ケーブル,,け
燃えないごみ,ゲーム機・ゲームソフト,,け
燃えるごみ,消しゴム,,け
燃えないごみ,化粧容器（びん）,中身はきれいに使い切って出す。キャップ部分は容器包装プラスチックに出す。プラスチック製は容器包装プラスチックに出す。,け
容器包装プラスチック,化粧容器（プラスチック製）,必ず残量を取り除き、中を洗って出す。キャップもはずして容器包装プラスチックに出す。,け
容器包装プラスチック,ケチャップのチューブ,中を洗って、キャップもはずして容器包装プラスチックに出す。,け
燃えないごみ,血圧計,,け
出せない,建築廃材,専門業者へ持って行く。,け
出せない,原付バイク,専門店へ持っていく。,け
燃えないごみ,鍵盤ハーモニカ（本体・ケース）,,け
燃えるごみ,こいのぼり,,こ
燃えないごみ,工具箱,,こ
リサイクル,広告,町のリサイクルに出すか､クリーンセンターに持ち込む。,こ
燃えるごみ,紅白幕,,こ
燃えるごみ,コート,,こ
燃えないごみ,コード類・コードリール,,こ
粗大ごみ,コートかけ,指定袋に入る場合は、燃えないごみに出す。直接施設に搬入する場合は、リサイクルプラザへ。,こ
資源物,コーヒーびん（ボトル部分）,必ず残量を取り除いて、中を洗って出す。プラスチック製のふたは容器包装プラスチックに出す。,こ
容器包装プラスチック,コーヒーびんのふた（プラスチック製）,ボトル部分のガラスは資源物へ出す。,こ
燃えないごみ,コーヒーメーカー,,こ
粗大ごみ,こたつ,指定袋に入る場合は、燃えないごみに出す。直接施設に搬入する場合は、リサイクルプラザへ。,こ
粗大ごみ,コタツ布団,指定袋に入る場合は、燃えるごみに出す。直接施設に搬入する場合は、クリーンセンターへ。,こ
燃えないごみ,コップ,割れた物は、新聞紙に包んで出す。,こ
粗大ごみ,琴・大正琴,指定袋に入る場合は、燃えないごみに出す。直接施設に搬入する場合は、リサイクルプラザへ。,こ
燃えるごみ,子供用プール（ビニール製）,,こ
燃えないごみ,粉ミルク缶,,こ
粗大ごみ,コピー機（家庭用）,指定袋に入る場合は、燃えないごみに出す。直接施設に搬入する場合は、リサイクルプラザへ。,こ
リサイクル,コミック本,町のリサイクルに出すか､クリーンセンターに持ち込む。,こ
燃えないごみ,ゴミ取りハンドモップ（取っ手の部分）,モップの部分は燃えるごみに出す。,こ
燃えるごみ,ゴミ取りハンドモップ（モップの部分）,取っ手の部分は燃えないごみに出す。,こ
燃えないごみ,ゴミ箱（金属製、プラスチック製）,木製、紙製は燃えるごみに出す,こ
燃えるごみ,ゴミ箱（木製、紙製）,金属製、プラスチック製は燃えないごみに出す。,こ
燃えるごみ,ゴム・ゴム糸・ゴム手袋,,こ
粗大ごみ,ゴルフクラブ、バック、道具,指定袋に入る場合は、燃えないごみに出す。直接施設に搬入する場合は、リサイクルプラザへ。,こ
燃えないごみ,ゴルフボール,,こ
出せない,コンクリートブロック,専門業者へ持って行く。,こ
燃えないごみ,コンテナ,,こ
燃えるごみ,コンドーム,,こ
粗大ごみ,コンパネ,指定袋に入る場合は、燃えるごみに出す。直接施設に搬入する場合は、クリーンセンターへ。,こ
燃えないごみ,コンロ・コンロ下敷き,,こ
燃えないごみ,サーキュレーター,,さ
粗大ごみ,座いす,指定袋に入る場合は、燃えないごみに出す。直接施設に搬入する場合は、リサイクルプラザへ。,さ
燃えるごみ,材木,袋に入る大きさに切る。,さ
燃えないごみ,竿（物干し)金属製,木製は燃えるごみに出す。,さ
燃えるごみ,竿（物干し)木製,金属製はもえないごみに出す。,さ
燃えるごみ,酒パック,,さ
資源物,酒ビン,販売店で引き取ってもらう。キャップは燃えないごみに出す。,さ
粗大ごみ,座卓,指定袋に入る場合は、燃えないごみに出す。直接施設に搬入する場合は、リサイクルプラザへ。,さ
リサイクル,雑誌,町のリサイクルに出すか､クリーンセンターに持ち込む。,さ
燃えないごみ,殺虫剤スプレー缶,きれいに使い切って、穴をあけガスを抜いて出す。,さ
容器包装プラスチック,殺虫剤ポリ容器（園芸用）,必ず残量を取り除き、中を洗って出す。スプレー部分もはずして容器包装プラスチックに出す。,さ
燃えるごみ,座布団（スポンジ、綿を含む）,,さ
燃えないごみ,皿（陶磁器、プラスチック製）,割れた物は、新聞紙に包んで出す。,さ
燃えるごみ,サラダ油,紙等に吸着させて出す。ポリ容器に入れてリサイクルデー時に回収。,さ
燃えないごみ,サラダ油の容器（缶）,中身はきれいに使い切って出す。プラスチック製は容器包装プラスチックに出す。,さ
容器包装プラスチック,サラダ油の容器（プラスチック製）,中身はきれいに使い切って出す。キャップもはずして容器包装プラスチックに出す。缶の場合は燃えないごみに出す。,さ
燃えるごみ,サランラップ,,さ
燃えないごみ,ざる（金属製、プラスチック製）,竹製は燃えるごみに出す,さ
燃えるごみ,ざる（竹製）,金属製、プラスチック製は燃えないごみに出す。,さ
燃えないごみ,三角コーナー,,さ
燃えないごみ,三脚,,さ
出せない,産業機械,専門業者へ持って行く。,さ
燃えるごみ,サンダル,,さ
出せない,残土,燃えないごみ袋に入れて直接リサイクルプラザへ持ち込む。,さ
燃えるごみ,サンドペーパー,,さ
粗大ごみ,三輪車,指定袋に入る場合は、燃えないごみに出す。直接施設に搬入する場合は、リサイクルプラザへ。,さ
燃えるごみ,シーツ,,し
燃えないごみ,ＣＤ・CDケース（プラスチック製）,,し
リサイクル,辞書,町のリサイクルに出すか､クリーンセンターに持ち込む。,し
燃えるごみ,下着、ボロ布,,し
燃えないごみ,下敷き（学習用）,,し
燃えないごみ,漆器,,し
容器包装プラスチック,湿気取りの容器,必ず残量を取り除き、中を洗って出す。キャップもはずして容器包装プラスチックに出す。,し
容器包装プラスチック,湿布剤の表面に張られた薄いフィルム,,し
燃えるごみ,湿布薬,,し
リサイクル,辞典,町のリサイクルに出すか､クリーンセンターに持ち込む。,し
粗大ごみ,自転車,,し
出せない,自動車の部品,専門店へ持って行く。,し
燃えるごみ,竹刀,,し
燃えないごみ,芝刈機,,し
燃えないごみ,芝刈機等換え刃,刃の部分は新聞紙に包んで出す。,し
燃えるごみ,写真・写真台帳・写真のフイルム,,し
燃えるごみ,シャツ,,し
資源物,ジャムのびん,キャップははずして燃えないごみに入れる。中は洗って出す。,し
燃えないごみ,しゃもじ（プラスチック製）,木製は燃えるごみに出す。,し
燃えるごみ,しゃもじ（木製）,プラスチック製は燃えないごみに出す。,し
出せない,砂利,産業廃棄物処理業者へ持って行く。,し
容器包装プラスチック,シャンプー容器,中を洗って、キャップもはずして容器包装プラスチックに出す。,し
リサイクル,週刊誌,町のリサイクルに出すか､クリーンセンターに持ち込む。,し
燃えるごみ,ジュースパック（紙パック）,,し
資源物,ジュース容器（缶・びん）,中を洗って出す。キャップははずして燃えないごみに入れる。中は洗って出す。,し
ペットボトル,ジュース用ペットボトル,キャップとラベルははずして容器包装プラスチックへ入れる。中は洗って出す。,し
粗大ごみ,ジュータン,,し
燃えないごみ,充電器,,し
リサイクル,充電式電池,町のリサイクルに出すか､リサイクルプラザに持ち込む。,し
燃えないごみ,朱肉,,し
出せない,消火器,専門業者（有田…松村石油、西有田…筒井防災)へ持って行く。,し
燃えないごみ,定規（金属製、プラスチック製）,木製は燃えるごみに出す。,し
燃えるごみ,定規,金属製、プラスチック製は燃えないごみに出す。,し
燃えないごみ,照明器具類,蛍光灯ははずす。,し
資源物,しょう油びん,販売店で引き取ってもらう。キャップは燃えないごみに出す。,し
ペットボトル,しょう油ペットボトル,キャップは容器包装プラスチックに入れる。紙製ラベルは燃えるごみに出す。中は洗って出す。,し
燃えるごみ,食用油,紙等に吸着させて出す。有田町では、ポリ容器に入れてリサイクルデー時に回収。,し
燃えないごみ,食用油缶,中身はきれいに使い切って出す。,し
資源物,食用油のびん,中身はきれいに使い切って出す。キャップは容器包装プラスチックに出す。缶は燃えないゴミに出す。,し
容器包装プラスチック,食用油のプラスチックボトル,中身はきれいに使い切って出す。キャップもはずして容器包装プラスチックに出す。,し
容器包装プラスチック,除湿剤の容器（プラスチック製）,中身はきれいに使い切って出す。キャップもはずして容器包装プラスチックに出す。,し
燃えるごみ,女性用ナプキン,,し
出せない,除草剤の容器,販売店で引き取ってもらう。,し
燃えないごみ,食器,割れた物は、新聞紙に包んで出す。,し
粗大ごみ,食器洗い乾燥機,,し
燃物,食器洗いスポンジ,,し
粗大ごみ,食器棚,,し
燃えるごみ,シリカゲル（乾燥剤）,,し
出せない,白色トレイ,スーパーの回収ボックスに持って行く。,し
燃えないごみ,人工芝（家庭用）,,し
リサイクル,新聞紙,町のリサイクルに出すか､クリーンセンターに持ち込む。,し
燃えるごみ,炊事手袋,,す
燃えないごみ,水槽・水槽装飾品,,す
出せない,水槽用石・水槽用砂,燃えないごみ袋に入れて直接リサイクルプラザへ持ち込む。,す
燃えないごみ,水筒,,す
出せない,水道管,専門業者へ持って行く。,す
燃えないごみ,炊飯器,,す
燃えるごみ,スーツ・スーツカバー,,す
燃えるごみ,スカート・スカーフ,,す
リサイクル,図鑑,町のリサイクルに出すか､クリーンセンターに持ち込む。,す
燃えるごみ,スキーウエア,,す
粗大ごみ,スキーキャリア・スキーケース,指定袋に入る場合は、燃えないごみに出す。直接施設に搬入する場合は、リサイクルプラザへ。,す
燃えないごみ,スキー靴・スケート靴,,す
粗大ごみ,スキー用具,指定袋に入る場合は、燃えないごみに出す。直接施設に搬入する場合は、リサイクルプラザへ。,す
出せない,スクーター,専門店へ持って行く。,す
燃えないごみ,スケートボード,,す
燃えないごみ,スタンプ台,,す
粗大ごみ,スチール家具,指定袋に入る場合は、燃えないごみに出す。直接施設に搬入する場合は、リサイクルプラザへ。,す
資源物,スチール缶（飲料用）,中を洗って出す。必ず残量を取り除いて、中を洗って燃えないごみに出す。,す
燃えないごみ,スチール缶（食品用）,必ず残量を取り除いて、中を洗って出す。飲料用は資源物に出す。,す
燃えないごみ,スチールたわし,,す
燃えないごみ,ステンレス材,大量の場合は専門業者へ持って行く。,す
粗大ごみ,ストーブ,燃料は必ず使い切って出す。指定袋に入る場合は、燃えないごみに出す。直接施設に搬入する場合は、リサイクルプラザへ。,す
燃えないごみ,ストーブガード,,す
出せない,ストーブの灰,燃えるごみ袋に入れて直接クリーンセンターへ持ち込む。,す
燃えるごみ,ストッキング,,す
燃えるごみ,ストロー,,す
出せない,砂,燃えないごみ袋に入れて直接リサイクルプラザへ持ち込む。,す
燃えるごみ,スニーカー,,す
粗大ごみ,スノーボード用具,指定袋に入る場合は、燃えないごみに出す。直接施設に搬入する場合は、リサイクルプラザへ。,す
粗大ごみ,すのこ（木製・プラスチック製）,指定袋に入る場合、木製は、燃えるごみに、プラスチック製は燃えないごみに出す。直接施設に搬入する場合は、クリーンセンターへ。,す
粗大ごみ,スピーカー,指定袋に入る場合は、燃えないごみに出す。直接施設に搬入する場合は、リサイクルプラザへ。,す
資源物,酢びん,使い切って、中を洗って出す。プラスチック製キャップははずして容器包装プラスチックに入れる。,す
燃えないごみ,スプーン,,す
粗大ごみ,スプリングマット,スプリングと布にわけ、スプリングは粗大ごみ、布は燃えるごみに出す。スプリングは指定袋に入る場合は、燃えないごみに出す。スプリングを直接施設に搬入する場合は、リサイクルプラザへ。,す
出せない,スプリンクラー,専門業者へ持って行く。,す
燃えないごみ,スプレー缶,きれいに使い切って、穴をあけガスを抜いて出す。,す
燃えるごみ,スポーツシューズ・スポーツバック,取りはずせる金具はとりはずして燃えないごみに出す。,す
燃えるごみ,ズボン,,す
燃えるごみ,スポンジ,,す
燃えるごみ,炭,,す
燃えるごみ,スリッパ,,す
燃えないごみ,すり鉢,,す
燃えるごみ,生花,,せ
燃えるごみ,生花用スポンジ,,せ
燃えるごみ,生理用ナプキン,,せ
燃えるごみ,セーター,,せ
粗大ごみ,石油ストーブ,燃料は必ず使い切って出す。指定袋に入る場合は、燃えないごみに出す。直接施設に搬入する場合は、リサイクルプラザへ。,せ
出せない,石油タンク,専門業者へ持って行く。,せ
燃えるごみ,石鹸,,せ
リサイクル,石鹸箱,町のリサイクルに出すか､クリーンセンターに持ち込む。,せ
出せない,石膏,専門業者へ持って行く。,せ
出せない,石膏ボード,専門業者へ持って行く。,せ
燃えないごみ,接着剤のチューブ（金属製）,中身はきれいに使い切って出す。プラスチック製は容器包装プラスチックに出す。,せ
容器包装プラスチック,接着剤のチューブ（プラスチック製）,中身はきれいに使い切って出す。キャップもはずして容器包装プラスチックに出す。,せ
燃えるごみ,セロテープ・セロハン紙,,せ
容器包装プラスチック,洗顔クリームのチューブ,中を洗って、キャップもはずして容器包装プラスチックに出す。,せ
燃えるごみ,洗剤の紙箱,,せ
燃えないごみ,洗剤の計量カップ,,せ
容器包装プラスチック,洗剤の詰替袋,中を洗って出す。,せ
容器包装プラスチック,洗剤容器（風呂用、台所用等）,中を洗って出す。紙箱は燃えるごみに出す。,せ
容器包装プラスチック,洗剤のふた（プラスチック製）,,せ
燃えないごみ,剪定バサミ,刃の部分は新聞紙に包んで出す。,せ
燃えないごみ,洗濯かご,,せ
出せない,洗濯機,家電リサイクル法に基づき処理する。,せ
燃えるごみ,洗濯ネット,,せ
容器包装プラスチック,洗濯のり容器,中を洗って、キャップもはずして容器包装プラスチックに出す。,せ
燃えないごみ,洗濯バサミ,,せ
燃えるごみ,剪定くず,袋に入る大きさに切る。入らない場合は長さ50cm以内に切ってクリーンセンターに直接持ち込む。直径が10cm以内のものはリサイクルプラザに直接持ち込む。,せ
粗大ごみ,扇風機,指定袋に入る場合は、燃えないごみに出す。直接施設に搬入する場合は、リサイクルプラザへ。,せ
燃えないごみ,洗面器,,せ
燃えないごみ,造花,,そ
燃えないごみ,双眼鏡,,そ
燃えるごみ,雑巾,,そ
燃えないごみ,掃除機,,そ
燃えるごみ,掃除機用ゴミパック,,そ
容器包装プラスチック,ソースの容器,中を洗って、キャップもはずして容器包装プラスチックに出す。,そ
粗大ごみ,ソファー・ソファーベット,指定袋に入る場合は、燃えないごみに出す。直接施設に搬入する場合は、リサイクルプラザへ。,そ
リサイクル,体温計（水銀計）,町のリサイクルに出すか､リサイクルプラザに持ち込む。,た
燃えないごみ,体温計（デジタル計）,水銀計は町のリサイクルに出すか､リサイクルプラザに持ち込む。,た
燃えないごみ,体重計・体脂肪計,,た
燃えるごみ,台所マット,,た
燃えないごみ,耐熱食器・耐熱ガラス食器・ボウル,割れた物は、新聞紙に包んで出す。,た
出せない,タイヤ,取り替える際､引き取ってもらう。,た
出せない,太陽熱温水器,取り替える際､引き取ってもらう。,た
燃えないごみ,タイル,大量の場合は専門業者へ出す。,た
リサイクル,ダイレクトメール,町のリサイクルに出すか､クリーンセンターに持ち込む。,た
燃えるごみ,ダイレクトメールの封筒（窓付き封筒）,,た
燃えるごみ,タオル・タオルケット,,た
燃えないごみ,タオルかけ,,た
燃えるごみ,竹,袋に入る大きさに切る。,た
燃えるごみ,竹グシ,,た
燃えるごみ,竹ボウキ,,た
燃えるごみ,凧,,た
粗大ごみ,畳,取り替える際､引き取ってもらう。指定袋に入る場合は、燃えるごみに出す。直接施設に搬入する場合は、クリーンセンターへ。,た
容器包装プラスチック,脱臭剤容器,必ず残量を取り除き、中を洗って出す。キャップもはずして容器包装プラスチックに出す。,た
燃えないごみ,タッパー,,た
粗大ごみ,棚,指定袋に入る場合は、燃えないごみに出す。直接施設に搬入する場合は、リサイクルプラザへ。,た
燃えるごみ,種,,た
リサイクル,タバコの空き箱,町のリサイクルに出すか､クリーンセンターに持ち込む。,た
燃えるごみ,タバコの吸殻,,た
容器包装プラスチック,タバコの外包装フィルム,,た
燃えるごみ,タバコ用パイプフィルター,,た
燃えるごみ,たまごの殻,,た
リサイクル,たまごパック（紙製）,町のリサイクルに出すか､クリーンセンターに持ち込む。,た
容器包装プラスチック,たまごパック（プラスチック製）,紙製はリサイクルに出す。,た
燃えないごみ,タライ（プラスチック製）,,た
燃えるごみ,タライ（木製）,,た
燃えないごみ,樽（プラスチック製）,,た
燃えるごみ,樽（木製）,,た
燃えないごみ,タワシ,,た
粗大ごみ,タンス,指定袋に入る場合は、燃えないごみに出す。直接施設に搬入する場合は、リサイクルプラザへ。,た
燃えるごみ,タンスシート,,た
リサイクル,段ボール,ガムテープ、ホッチキス、伝票は外し、町のリサイクルに出すか、クリーンセンターに持ち込む。,た
燃えるごみ,タンポン,,た
燃えないごみ,チェーン,,ち
出せない,チェ－ンソー,販売店か専門業者へ持って行く。,ち
粗大ごみ,チャイルドシート,指定袋に入る場合は、燃えないごみに出す。直接施設に搬入する場合は、リサイクルプラザへ。,ち
燃えるごみ,茶殻,,ち
燃えないごみ,茶殻入れ・茶こし・茶筒,,ち
燃えるごみ,着火材,中身はきれいに使い切って出す。,ち
燃えないごみ,チャッカマン,中身はきれいに使い切って出す。,ち
燃えないごみ,茶碗（家庭用）,割れた物は、新聞紙に包んで出す。,ち
燃えないごみ,中華鍋,,ち
出せない,注射器,病院または購入した薬局へ返却する。,ち
出せない,注射針,病院または購入した薬局へ返却する。,ち
容器包装プラスチック,チューブ容器（歯磨き粉など）,必ず残量を取り除き、中を洗って出す。キャップもはずして容器包装プラスチックに出す。,ち
燃えないごみ,調味料ケース,,ち
容器包装プラスチック,調味料の容器,必ず残量を取り除き、中を洗って出す。キャップもはずして容器包装プラスチックに出す。,ち
燃えるごみ,チョーク,,ち
リサイクル,チラシ,町のリサイクルに出すか､クリーンセンターに持ち込む。,ち
燃えるごみ,使い捨てカイロ,カイロの外袋は容器包装リサイクルに出す。,つ
容器包装プラスチック,使い捨てカイロの外袋,カイロは燃えるごみに出す。,つ
燃えないごみ,使い捨てカメラ,販売店で引き取ってもらう。,つ
燃えるごみ,漬物,,つ
出せない,漬物石,燃えないごみ袋に入れて直接リサイクルプラザへ持ち込む。,つ
燃えないごみ,漬物樽（プラスチック製）,木製は燃えるごみに出す。,つ
燃えるごみ,漬物樽（木製）,プラスチック製は燃えないごみに出す。,つ
容器包装プラスチック,漬物袋,中を洗って出す。,つ
出せない,土,燃えないごみ袋に入れて直接リサイクルプラザへ持ち込む。,つ
リサイクル,包み紙,町のリサイクルに出すか､クリーンセンターに持ち込む。,つ
燃えないごみ,積み木（プラスチック製）,木製は燃えるごみに出す。,つ
燃えるごみ,積み木（木製）,プラスチック製は燃えないごみに出す。,つ
燃えるごみ,つめ,,つ
容器包装プラスチック,詰め替え用洗剤袋,中を洗って出す。,つ
燃えるごみ,釣り糸,,つ
燃えないごみ,釣り竿（カーボン製）,袋に入らない場合は切断して出す。木製、竹製は燃えるごみに出す。,つ
燃えるごみ,釣り竿（木製、竹製）,袋に入らない場合は切断して出す。カーボン製は燃えないごみに出す。,つ
燃えないごみ,釣り針,,つ
リサイクル,ティッシュの箱,町のリサイクルに出すか、クリーンセンターに持ち込む。取り出し部分のビニール部分は、容器包装プラスチックに出す。,て
容器包装プラスチック,ティッシュ箱の取り出し部分,箱はリサイクルに出す。,て
燃えるごみ,ティッシュペーパー,,て
燃えるごみ,テープ,,て
燃えないごみ,テープカッター,,て
粗大ごみ,テーブル,指定袋に入る場合は、燃えないごみに出す。直接施設に搬入する場合は、リサイクルプラザへ。,て
燃えるごみ,テーブルクロス（ビニール製・布製）,,て
燃えないごみ,テーブルタップ,,て
燃えないごみ,テープレコーダー,,て
燃えないごみ,デジタル血圧計・体温計,,て
燃えないごみ,ＤＶＤ・ＤＶＤケース（プラスチック製）,,て
燃えないごみ,ＤＶＤプレイヤー,,て
燃えないごみ,デスクマット,,て
出せない,鉄製アングル,専門業者へ持って行く。,て
出せない,鉄筋,専門業者へ持って行く。,て
出せない,鉄パイプ,専門業者へ持って行く。,て
燃えないごみ,テニスボール・ラケット,,て
燃えるごみ,手袋,,て
出せない,テレビ（ブラウン管）,家電リサイクル法に基づき処理する。,て
出せない,テレビ（液晶）,家電リサイクル法に基づき処理する。,て
燃えないごみ,テレビゲーム機,,て
粗大ごみ,テレビ台,指定袋に入る場合は、燃えないごみに出す。直接施設に搬入する場合は、リサイクルプラザへ。,て
燃えるごみ,点火剤,中身はきれいに使い切る。残った場合は紙等に吸着させ燃えるごみに出す。,て
リサイクル,電化製品の空き箱（段ボール）,町のリサイクルに出すか､クリーンセンターに持ち込む。,て
粗大ごみ,電気カーペット,コントローラ部分ははずして燃えないごみとして出す。指定袋に入る場合は、燃えるごみに出す。直接施設に搬入する場合は、クリーンセンターへ。,て
燃えないごみ,電気カーペット（コントローラ部分）,,て
燃えないごみ,電気コード,,て
粗大ごみ,電気コタツ,指定袋に入る場合は、燃えないごみに出す。直接施設に搬入する場合は、リサイクルプラザへ。,て
燃えないごみ,電気スタンド,蛍光灯ははずす。,て
容器包装プラスチック,電化製品の緩衝材（発泡スチロール）,袋に入る大きさに切る。,て
燃えないごみ,電気ヒゲ剃り,,て
燃えないごみ,電気ポット,,て
燃えるごみ,電気毛布,コントローラ部分ははずして燃えないごみとして出す。,て
燃えないごみ,電気毛布コントローラ（コントローラ部分）,,て
リサイクル,電球,町のリサイクルに出すか､クリーンセンターもしくはリサイクルプラザに持ち込む。,て
出せない,電気温水器,取り替える際､引き取ってもらう。,て
燃えないごみ,電源アダプター,,て
燃えないごみ,電子辞書,,て
粗大ごみ,電子レンジ,指定袋に入る場合は、燃えないごみに出す。直接施設に搬入する場合は、リサイクルプラザへ。,て
燃えないごみ,電卓,,て
粗大ごみ,テント（キャンプ用）,指定袋に入る場合は、燃えないごみに出す。直接施設に搬入する場合は、リサイクルプラザへ。,て
リサイクル,天ぷら油,少量の場合は、紙等に吸着させて出す。ポリ容器に入れてリサイクルデー時に回収。ポリ容器に入れてリサイクルデー時に回収。町のリサイクルに出すか､クリーンセンターもしくはリサイクルプラザに持ち込む。,て
燃えないごみ,天ぷらガード,,て
燃えないごみ,天ぷら鍋,,て
燃えないごみ,電話機,,て
粗大ごみ,電話台,指定袋に入る場合は、燃えないごみに出す。直接施設に搬入する場合は、リサイクルプラザへ。,て
リサイクル,電話帳,町のリサイクルに出すか､クリーンセンターに持ち込む。,て
燃えないごみ,砥石,,と
燃えるごみ,トイレットペーパー・トイレシート,,と
リサイクル,トイレットペーパーの芯,町のリサイクルに出すか､クリーンセンターに持ち込む。,と
容器包装プラスチック,トイレットペーパーの外袋（プラスチック製）,,と
燃えないごみ,トイレ掃除用のブラシ,,と
出せない,陶器くず（大量）,専門業者へ持って行く。,と
燃えるごみ,道具袋,,と
燃えないごみ,投光器,電球は外す。,と
燃えないごみ,陶磁器（家庭用）,,と
出せない,陶土,専門業者へ持って行く。,と
燃えるごみ,動物死体（ねずみ等の小動物）,,と
容器包装プラスチック,豆腐パック,中を洗って出す。,と
出せない,灯油,専門業者へ持って行く。,と
燃えないごみ,灯油ポリ容器（１８ﾘｯﾄﾙ以下）,,と
燃えないごみ,灯油ポンプ,自動式のものは電池をはずす。,と
燃えないごみ,トースター,,と
燃えないごみ,時計・掛け時計,乾電池ははずす。,と
粗大ごみ,戸棚,指定袋に入る場合は、燃えないごみに出す。直接施設に搬入する場合は、リサイクルプラザへ。,と
出せない,トタン板（大量）,専門業者へ持って行く。,と
燃えないごみ,トタン板（少量）,,と
燃えないごみ,土鍋・土瓶,,と
燃えるごみ,土のう袋,,と
燃えないごみ,ドライバー,,と
燃えないごみ,ドライヤー,,と
出せない,ドラム缶,専門店へ持っていく。,と
燃えないごみ,塗料の缶（家庭用）,中身はきれいに使い切って出す。,と
燃えないごみ,ドリル・ドリルの刃,刃の部分は新聞紙に包んで出す。,と
資源物,ドリンクびん,中は洗って出す。金属製キャップは燃えないごみ袋に、プラスチック製キャップは容器包装プラスチックに出す。,と
容器包装プラスチック,トレイ（色柄付き）,中を洗って出す。スーパーの回収ボックスに持って行く。,と
容器包装プラスチック,トレイ（白),中を洗って出す。スーパーの回収ボックスに持って行く。,と
粗大ごみ,トレーニング機器,指定袋に入る場合は、燃えないごみに出す。直接施設に搬入する場合は、リサイクルプラザへ。,と
容器包装プラスチック,ドレッシング容器,必ず残量を取り除き、中を洗って出す。キャップもはずして容器包装プラスチックに出す。,と
燃えないごみ,トロフィー,,と
燃えないごみ,泥よけ,,と
燃えないごみ,どんぶり,割れた物は、新聞紙に包んで出す。,と
燃えないごみ,ナイフ,新聞紙に包んで出す。,な
出せない,ナイロン波板,専門業者へ持って行く。,な
燃えるごみ,苗,,な
容器包装プラスチック,苗のポット,中を洗って出す。,な
燃えるごみ,長靴,,な
粗大ごみ,流し台,取り換える際に業者に引き取ってもらうか専門業者へ持って行く。直接施設に搬入する場合は、リサイクルプラザへ。,な
出せない,流し台（ユニット式）,取り換える際に業者に引き取ってもらう。専門業者へ持って行く。,な
容器包装プラスチック,納豆の容器,中を洗って出す。,な
燃えないごみ,鍋,,な
燃えないごみ,鍋敷き（金属製）,木製は燃えるごみに出す。,な
燃えるごみ,鍋敷き（木製）,金属製はもえないごみに出す。,な
燃えるごみ,鍋つかみ,,な
出せない,波板スレート,専門業者へ持って行く。,な
燃えるごみ,縄,,な
燃えないごみ,縄跳びひも（プラスチック製）,,な
容器包装プラスチック,乳酸菌飲料の容器,中を洗って出す。,に
容器包装プラスチック,入浴剤の容器（プラスチック製）,必ず残量を取り除き、中を洗う。キャップもはずして容器包装プラスチックに出す。,に
燃えないごみ,人形（布製以外）,,に
燃えるごみ,ぬいぐるみ,,ぬ
燃えないごみ,縫い針,菓子缶などに入れて出す。,ぬ
燃えるごみ,布類,,ぬ
燃えないごみ,ねずみカゴ,,ね
燃えないごみ,粘土（家庭用）,新聞紙に包んで出す。,ね
出せない,農機具,販売店か金属引き取り業者へ持って行く。,の
出せない,農業用ビニール,農協で引き取ってもらう。,の
出せない,農業用肥料袋,農協で引き取ってもらう。,の
出せない,農業用ポリシート,農協で引き取ってもらう。,の
出せない,農薬容器,農協で引き取ってもらう。,の
リサイクル,ノート,町のリサイクルに出すか､クリーンセンターに持ち込む。,の
燃えないごみ,ノートパソコン,パソコンリサイクルとしてメーカーへ出す。,の
燃えないごみ,のこぎり,新聞紙に包んで出す。,の
資源物,飲み薬容器（ガラス製）,キャップははずして燃えないごみ袋に入れる。中は洗って出す。,の
容器包装プラスチック,飲み薬容器（プラスチック製）,中を洗い、キャップもはずして容器包装プラスチックに出す。,の
容器包装プラスチック,のり容器（接着用）,中身はきれいに使い切って出す。キャップもはずして容器包装プラスチックに出す。,の
燃えないごみ,海苔の缶,プラスチック製は容器包装プラスチックに出す。,の
資源物,海苔のガラスびん,,の
容器包装プラスチック,海苔容器（プラスチック製）,,の
燃えるごみ,歯,,は
燃えないごみ,バーベキューコンロ,,は
粗大ごみ,バーベキューセット,指定袋に入る場合は、燃えないごみに出す。直接施設に搬入する場合は、リサイクルプラザへ。,は
出せない,灰,燃えるごみ袋に入れて直接クリーンセンターへ持ち込む。,は
出せない,バイク,専門店へ持っていく。,は
出せない,バイクの部品,専門店へ持っていく。,は
燃えないごみ,灰皿,,は
出せない,配水管,専門業者へ持って行く。,は
出せない,パイプ,専門業者へ持って行く。,は
出せない,ハウスビニール,農協で引き取ってもらう。,は
リサイクル,ハガキ,町のリサイクルに出すか､クリーンセンターに持ち込む。,は
燃えないごみ,はかり,,は
容器包装プラスチック,白色トレイ,スーパーの回収ボックスに持って行く。,は
燃えるごみ,はく製,,は
リサイクル,白熱球,町のリサイクルに出すか､クリーンセンターもしくはリサイクルプラザに持ち込む。,は
燃えないごみ,バケツ,,は
燃えないごみ,はさみ,,は
燃えるごみ,箸,,は
粗大ごみ,はしご,指定袋に入る場合は、燃えないごみに出す。直接施設に搬入する場合は、リサイクルプラザへ。,は
燃えないごみ,箸立て（陶磁器・プラスチック製）,割れた物は、新聞紙に包んで出す。木製は燃えるごみに出す。,は
燃えるごみ,箸立て（木製）,,は
燃えるごみ,パジャマ,,は
燃えるごみ,バスケット（木製）,,は
燃えるごみ,バスタオル・マット,,は
燃えないごみ,パソコン,パソコンリサイクルとしてメーカーへ出す。,は
容器包装プラスチック,バターの容器（プラスチック製）,必ず残量を取り除き、中を洗って出す。キャップもはずして容器包装プラスチックに出す。紙製は燃えるごみに出す。,は
燃えるごみ,バターの容器（紙製）,プラスチック製は容器包装プラスチックに出す。,は
燃えないごみ,鉢,割れた物は、新聞紙に包んで出す。,は
燃えないごみ,鉢盛皿（陶磁器）,割れた物は、新聞紙に包んで出す。,は
容器包装プラスチック,鉢盛皿（プラスチック製）,中を洗って出す。,は
燃えるごみ,発煙筒（家庭用）,,は
出せない,バッテリー（車、バイク用）,専門業者へ持って行く。,は
出せない,バッテリーパック,専門業者へ持って行く。,は
容器包装プラスチック,バッテリー補充液容器,中身はきれいに使い切って出す。キャップもはずして容器包装プラスチックに出す。,は
出せない,発電機,専門店へ持っていく。,は
容器包装プラスチック,発泡スチロール（魚箱等）,中を洗って出す。,は
燃えないごみ,バトミントンラケット（金属製・プラスチック製）,,は
燃えるごみ,バトミントンラケット（木製）,,は
燃えるごみ,花火,必ず水に濡らしてから捨てる。,は
粗大ごみ,パネルヒータ,指定袋に入る場合は、燃えないごみに出す。直接施設に搬入する場合は、リサイクルプラザへ。,は
燃えるごみ,パフ,,は
燃えるごみ,歯ブラシ,,は
容器包装プラスチック,歯磨き洗剤チューブ（プラスチック製）,必ず残量を取り除き、中を洗って出す。キャップもはずして容器包装プラスチックに出す。,は
燃えないごみ,歯磨き洗剤容器（金属製）,中身はきれいに使い切って出す。,は
燃えないごみ,ハンガー・針金ハンガー,,は
燃えないごみ,バリカン（散髪用）,,は
燃えないごみ,バルサン（くん煙殺虫剤）,,は
燃えないごみ,ハロゲンヒーター,,は
燃えるごみ,パンツ,,は
燃えるごみ,バンド,金具は燃えないごみに出す。,は
粗大ごみ,ピアノ,指定袋に入る場合は、燃えないごみに出す。直接施設に搬入する場合は、リサイクルプラザへ。,ひ
粗大ごみ,ヒーター,指定袋に入る場合は、燃えないごみに出す。直接施設に搬入する場合は、リサイクルプラザへ。,ひ
燃えるごみ,ビーチサンダル・ビーチボール,,ひ
燃えないごみ,ＰＰバンド,,ひ
資源物,ビール缶,中を洗って出す。,ひ
資源物,ビールビン,販売店へ持って行く。,ひ
燃えないごみ,ひげそり,菓子缶などに入れて出す。,ひ
燃えないごみ,ビデオカメラ,,ひ
燃えないごみ,ビデオテープ,,ひ
燃えるごみ,ビデオテープのケース（紙製）,,ひ
燃えないごみ,ビデオテープのケース（プラスチック製）,,ひ
燃えないごみ,ビデオデッキ・ビデオラック,,ひ
粗大ごみ,ひな段,指定袋に入る場合は、燃えないごみに出す。直接施設に搬入する場合は、リサイクルプラザへ。,ひ
燃えるごみ,ビニールシート,,ひ
燃えるごみ,ビニール製の子供用プール,,ひ
燃えるごみ,ビニール手袋,,ひ
燃えるごみ,ビニールひも・ビニールテープ,,ひ
容器包装プラスチック,ビニール袋,,ひ
容器包装プラスチック,病院からの液薬容器（飲み薬）,中を洗い、キャップもはずして容器包装プラスチックに出す。,ひ
容器包装プラスチック,病院からの軟膏薬容器（塗り薬）,必ず残量を取り除き、中を洗って出す。キャップもはずして容器包装プラスチックに出す。,ひ
容器包装プラスチック,漂白剤容器,中を洗い、キャップもはずして容器包装プラスチックに出す。,ひ
出せない,肥料袋（農業用）,農協で引き取ってもらう。,ひ
容器包装プラスチック,肥料袋（市販のもの）,中を洗って出す。,ひ
リサイクル,便せん,町のリサイクルに出すか､クリーンセンターに持ち込む。,ひ
燃えないごみ,ファイル（プラスチック製）,,ふ
リサイクル,ファイル（紙製）,金具は燃えないごみに出す。町のリサイクルに出すか、クリーンセンターに持ち込む。,ふ
燃えないごみ,ファックス機（家庭用）,,ふ
粗大ごみ,ファンヒータ,指定袋に入る場合は、燃えないごみに出す。直接施設に搬入する場合は、リサイクルプラザへ。,ふ
リサイクル,封筒類,町のリサイクルに出すか､クリーンセンターに持ち込む。,ふ
粗大ごみ,フェンス（金属製）,指定袋に入る場合は、燃えないごみに出す。直接施設に搬入する場合は、リサイクルプラザへ。,ふ
粗大ごみ,フェンス（木製）,指定袋に入る場合は、燃えるごみに出す。直接施設に搬入する場合は、クリーンセンターへ。,ふ
粗大ごみ,ふすま,指定袋に入る場合は、燃えるごみに出す。直接施設に搬入する場合は、クリーンセンターへ。,ふ
容器包装プラスチック,プチプチ（電気製品等の保護材）,,ふ
出せない,仏壇,専門業者へ持って行く。,ふ
燃えないごみ,筆箱（金属製・プラスチック製）,,ふ
燃えるごみ,筆箱（布製）,,ふ
粗大ごみ,布団（スポンジ、綿を含む）,指定袋に入る場合は、燃えるごみに出す。直接施設に搬入する場合は、クリーンセンターへ。,ふ
燃えるごみ,布団カバー,,ふ
燃えないごみ,布団乾燥機,,ふ
粗大ごみ,踏み台（金属製・プラスチック製）,指定袋に入る場合は、燃えないごみに出す。直接施設に搬入する場合は、リサイクルプラザへ。,ふ
粗大ごみ,踏み台（木製）,指定袋に入る場合は、燃えるごみに出す。直接施設に搬入する場合は、クリーンセンターへ。,ふ
出せない,腐葉土,燃えないごみ袋に入れて直接リサイクルプラザへ持ち込む,ふ
燃えないごみ,フライパン,,ふ
粗大ごみ,ブラインド,指定袋に入る場合は、燃えないごみに出す。直接施設に搬入する場合は、リサイクルプラザへ。,ふ
燃えるごみ,ブラウス,,ふ
燃えるごみ,ブラジャー,,ふ
容器包装プラスチック,プラスチックボトル（プラマークがあるもの）,必ず残量を取り除き、中を洗って出す。キャップもはずして容器包装プラスチックに出す。,ふ
容器包装プラスチック,プラスチック容器（プラマークがあるもの）,必ず残量を取り除き、中を洗って出す。キャップもはずして容器包装プラスチックに出す。,ふ
燃えないごみ,プラモデル,,ふ
燃えないごみ,プランター（陶磁器・プラスチック製）,割れた物は、新聞紙に包んで出す。,ふ
燃えるごみ,プランター,,ふ
容器包装プラスチック,プリンカップ,中を洗って出す。,ふ
燃えないごみ,プリンター,,ふ
容器包装プラスチック,プリンのふた,中を洗って出す。,ふ
燃えるごみ,ブルーシート,,ふ
出せない,風呂,専門業者へ持って行く。,ふ
燃えないごみ,風呂の椅子（プラスチック製）,,ふ
燃えるごみ,風呂の椅子（木製）,,ふ
出せない,風呂釜,専門業者へ持って行く。,ふ
出せない,ブロック,専門業者へ持って行く。,ふ
燃えるごみ,風呂の敷きマット,,ふ
燃えるごみ,風呂の足ふきマット,,ふ
粗大ごみ,風呂のフタ,指定袋に入る場合は、燃えないごみに出す。直接施設に搬入する場合は、リサイクルプラザへ。,ふ
燃えるごみ,風呂の中ぶた（保温シート）,,ふ
容器包装プラスチック,風呂用洗剤の容器,必ず残量を取り除き、中を洗って出す。キャップもはずして容器包装プラスチックに出す。,ふ
燃えないごみ,風呂用ブーツ,,ふ
リサイクル,文庫本,町のリサイクルに出すか､クリーンセンターに持ち込む。,ふ
燃えないごみ,文鎮（ぶんちん）,,ふ
粗大ごみ,ベッド,指定袋に入る場合は、燃えないごみに出す。直接施設に搬入する場合は、リサイクルプラザへ。,へ
燃えないごみ,ペット運搬ケース,,へ
燃えるごみ,ペットのフン,紙に包んで出す。,へ
燃えるごみ,ペットフード,,へ
容器包装プラスチック,ペイント、切断など工作したペットボトル,汚れの取れないペットボトルも含む。,へ
ペットボトル,ペットボトル（飲料、しょう油、酒、みりん用）,中を洗って出す。キャップとラベルははずして容器包装プラスチックに出す。紙製ラベルははずして燃えるごみに出す。,へ
容器包装プラスチック,ペットボトルのふた,,へ
容器包装プラスチック,ペットボトルのラベル,,へ
燃えないごみ,ヘッドホン,,へ
粗大ごみ,ベッドマット（スプリング入り）,スプリングと布にわけ、スプリングは粗大ごみ、布は燃えるごみに出す。スプリングを直接施設に搬入する場合は、リサイクルプラザへ。,へ
粗大ごみ,ベッドマット（スプリング無）,指定袋に入る場合は、燃えるごみに出す。直接施設に搬入する場合は、クリーンセンターへ。,へ
出せない,ペットの砂,燃えるごみ袋に入れて直接クリーンセンターへ持ち込む。,へ
燃えるごみ,ベニア板,袋に入る大きさに切る。,へ
粗大ごみ,ベビーカー,指定袋に入る場合は、燃えないごみに出す。直接施設に搬入する場合は、リサイクルプラザへ。,へ
粗大ごみ,ベビーチェア・ベビーベッド,指定袋に入る場合は、燃えないごみに出す。直接施設に搬入する場合は、リサイクルプラザへ。,へ
燃えるごみ,ベルト,金具は燃えないごみに出す。,へ
燃えないごみ,ヘルメット,,へ
燃えないごみ,ペン,,へ
燃えないごみ,ペンキの空き缶,中身はきれいに使い切って出す。,へ
燃えないごみ,ペンキのスプレー式の缶,きれいに使い切って、穴をあけガスを抜いて出す。,へ
粗大ごみ,ベンチ,指定袋に入る場合は、燃えないごみに出す。直接施設に搬入する場合は、リサイクルプラザへ。,へ
燃えないごみ,弁当箱,,へ
容器包装プラスチック,弁当容器（ほか弁、コンビニ等）,中を洗って出す。,へ
出せない,ボイラー,取り替える際､引き取ってもらう。,ほ
燃えないごみ,ホウキ（プラスチック製）,,ほ
燃えるごみ,ホウキ（木製）,,ほ
容器包装プラスチック,芳香剤容器（プラスチック製）,中を洗い、キャップもはずして容器包装プラスチックに出す。,ほ
燃えるごみ,帽子,,ほ
燃えないごみ,宝石箱,,ほ
リサイクル,包装紙,町のリサイクルに出すか､クリーンセンターに持ち込む。,ほ
燃えるごみ,防虫剤,,ほ
容器包装プラスチック,防虫剤の外袋,,ほ
燃えるごみ,防虫シート,,ほ
容器包装プラスチック,防虫シートの外袋,,ほ
燃えないごみ,包丁,新聞紙に包んで出す。,ほ
燃えないごみ,包丁研ぎ器,,ほ
燃えるごみ,ホース（ビニール製）,,ほ
燃えないごみ,ホース巻き取り機,,ほ
粗大ごみ,ポータブルトイレ,指定袋に入る場合は、燃えないごみに出す。直接施設に搬入する場合は、リサイクルプラザへ。,ほ
燃えないごみ,ボーリング玉,,ほ
燃えるごみ,ボール（サッカー、バレー、バスケ、ラグビー、硬式野球）,,ほ
燃えないごみ,ボール（卓球、ソフト、ゴルフ、バトミントン、軟式野球）,,ほ
燃えないごみ,ボールペン,,ほ
燃えないごみ,ホーローカップ・ホーロ鍋・ヤカン,,ほ
粗大ごみ,歩行器,指定袋に入る場合は、燃えないごみに出す。直接施設に搬入する場合は、リサイクルプラザへ。,ほ
リサイクル,ポスター,町のリサイクルに出すか､クリーンセンターに持ち込む。,ほ
燃えないごみ,ボタン,,ほ
リサイクル,ボタン電池,町のリサイクルに出すか､クリーンセンターもしくはリサイクルプラザに持ち込む。,ほ
リサイクル,ボックスティッシュ,町のリサイクルに出すか、クリーンセンターに持ち込む。取り出し部分のビニール部分は、容器包装プラスチックに出す。,ほ
燃えないごみ,ホッチキス・ホッチキスの針,,ほ
燃えないごみ,ポット,,ほ
粗大ごみ,ホットカーペット,コントローラ部分ははずして燃えないごみとして出す。指定袋に入る場合は、燃えるごみに出す。直接施設に搬入する場合は、クリーンセンターへ。,ほ
燃えないごみ,ホットプレート,,ほ
容器包装プラスチック,ポテトチップスの袋,中を洗って出す。,ほ
燃えないごみ,哺乳びん,割れた物は、新聞紙に包んで出す。,ほ
燃えるごみ,哺乳びんの乳首,,ほ
燃えるごみ,骨,,ほ
出せない,ポリタンク（農業用）,専門店へ持っていく。,ほ
燃えないごみ,ポリバケツ,,ほ
容器包装プラスチック,ポリ袋,,ほ
燃えないごみ,ポリ容器,,ほ
燃えるごみ,保冷剤,,ほ
燃えないごみ,ホワイトボード,,ほ
リサイクル,本,町のリサイクルに出すか､クリーンセンターに持ち込む。,ほ
燃えないごみ,本立て（金属製）,,ほ
燃えるごみ,本立て（木製）,,ほ
粗大ごみ,本棚,指定袋に入る場合は、燃えないごみに出す。直接施設に搬入する場合は、リサイクルプラザへ。,ほ
容器包装プラスチック,ポンプ式容器のポンプの部分（シャンプー、化粧品等）,中を洗って出す。,ほ
出せない,ボンベ,専門店へ持っていく。,ほ
粗大ごみ,麻雀卓,指定袋に入る場合は、燃えないごみに出す。直接施設に搬入する場合は、リサイクルプラザへ。,ま
容器包装プラスチック,マーガリン容器,必ず残量を取り除き、中を洗って出す。キャップもはずして容器包装プラスチックに出す。,ま
燃えないごみ,マイク,,ま
燃えないごみ,マウス,,ま
燃えるごみ,マウスパッド,,ま
出せない,薪ストーブ,専門業者へ持って行く。,ま
燃えないごみ,マグカップ,,ま
燃えないごみ,マグネットクリップ・マグネットフック,,ま
燃えるごみ,まくら・まくらカバー,,ま
燃えないごみ,マジックペン,,ま
燃えるごみ,マスク,,ま
燃えないごみ,マッサージ機（小型）,,ま
粗大ごみ,マッサージチェア－,指定袋に入る場合は、燃えないごみに出す。直接施設に搬入する場合は、リサイクルプラザへ。,ま
燃えるごみ,マッチ・マッチ箱,必ず水に濡らしてから捨てる。,ま
燃えるごみ,マット,,ま
粗大ごみ,マットレス（スプリングなし）,指定袋に入る場合は、燃えるごみに出す。直接施設に搬入する場合は、クリーンセンターへ。,ま
粗大ごみ,マットレス（スプリング入り）,スプリングと布にわけ、スプリングは粗大ごみ、布は燃えるごみに出す。スプリングは指定袋に入る場合は、燃えないごみに出す。スプリングを直接施設に搬入する場合は、リサイクルプラザへ。,ま
燃えないごみ,まな板（プラスチック製）,木製は燃えるごみに出す。,ま
燃えるごみ,まな板（木製）,プラスチック製は燃えないごみに出す。,ま
燃えないごみ,マニキュアびん,中身はきれいに使い切って出す。,ま
燃えるごみ,マフラー,,ま
燃えないごみ,魔法びん,,ま
リサイクル,豆電球,町のリサイクルに出すか､リサイクルプラザへ持ち込む。,ま
容器包装プラスチック,マヨネーズのチューブ,必ず残量を取り除き、中を洗って出す。キャップもはずして容器包装プラスチックに出す。,ま
粗大ごみ,ミシン,指定袋に入る場合は、燃えないごみに出す。直接施設に搬入する場合は、リサイクルプラザへ。,み
燃えないごみ,水差し,割れた物は、新聞紙に包んで出す。,み
燃えるごみ,水枕,金具は燃えないごみに出す。,み
燃えるごみ,みそ,,み
資源物,みりんのびん,使い切って、中を洗って出す。プラスチック製キャップははずして容器包装プラスチックに出す。,み
ペットボトル,みりん用ペットボトル,キャップは容器包装プラスチックに出す。紙製ラベルは燃えるごみに出す。中は洗って出す。,み
燃えないごみ,ミルク缶,,み
燃えるごみ,麦わら帽子,,む
容器包装プラスチック,虫駆除剤のポリ容器,必ず残量を取り除き、中を洗って出す。キャップもはずして容器包装プラスチックに出す。,む
燃えないごみ,虫取り網・虫取りカゴ,,む
燃えないごみ,虫めがね,,む
燃えないごみ,虫よけスプレー,きれいに使い切って、穴をあけガスを抜いて出す。,む
燃えるごみ,ムシロ,,む
燃えないごみ,無線機,,む
リサイクル,名刺（紙製）,町のリサイクルに出すか､クリーンセンターに持ち込む。,め
燃えないごみ,名刺入れ（金属製）,,め
燃えるごみ,名刺入れ（布製・皮製）,,め
燃えないごみ,眼鏡・眼鏡ケース,,め
燃えるごみ,毛布,,も
容器包装プラスチック,木工ボンドの容器（プラスチック製）,必ず残量を取り除き、中を洗って出す。キャップもはずして容器包装プラスチックに出す。,も
燃えるごみ,モップ,モップの柄は燃えないごみに出す。,も
燃えないごみ,モップの柄,,も
粗大ごみ,物干し竿・物干しハンガー,指定袋に入る場合は、燃えないごみに出す。直接施設に搬入する場合は、リサイクルプラザへ。,も
粗大ごみ,物干し台,指定袋に入る場合は、燃えないごみに出す。直接施設に搬入する場合は、リサイクルプラザへ。,も
燃えないごみ,焼き魚用あみ,,や
燃えないごみ,やきもの（家庭用）陶磁器,割れた物は、新聞紙に包んで出す。,や
容器包装プラスチック,ヤクルト容器,中を洗って出す。,や
燃えるごみ,野菜,,や
容器包装プラスチック,野菜の外袋（プラスチック製）,中を洗って出す。,や
燃えるごみ,浴衣,,ゆ
燃えるごみ,湯たんぽ（ゴム製）,,ゆ
燃えないごみ,湯たんぽ（金属・プラスチック製）,,ゆ
燃えないごみ,湯飲み,,ゆ
燃えないごみ,湯沸し器,販売店で引き取ってもらう。,ゆ
燃えないごみ,湯沸しポット,,ゆ
粗大ごみ,洋服ダンス,指定袋に入る場合は、燃えないごみに出す。直接施設に搬入する場合は、リサイクルプラザへ。,よ
資源物,養命酒びん,キャップははずして燃えないごみに入れる。中は洗って出す。,よ
出せない,浴槽,取り替える際､引き取ってもらう。,よ
粗大ごみ,浴槽のフタ,指定袋に入る場合は、燃えないごみに出す。直接施設に搬入する場合は、リサイクルプラザへ。,よ
燃えないごみ,ライター,きれいに使い切って、穴をあけガスを抜いて出す。,ら
燃えないごみ,ライター用石,,ら
燃えないごみ,ライター用オイル缶,中身はきれいに使い切って出す。,ら
燃えないごみ,ライター用ガス缶,きれいに使い切って、穴をあけガスを抜いて出す。,ら
燃えないごみ,ライト,,ら
燃えないごみ,ラケット（金属製）,木製は燃えるごみに出す。,ら
燃えるごみ,ラケット（木製）,金属製は燃えないごみに出す。,ら
燃えないごみ,ラジカセ・ラジオ,乾電池ははずす。,ら
燃えるごみ,ラップ,,ら
リサイクル,ラップの芯,町のリサイクルに出すか､クリーンセンターに持ち込む。,ら
リサイクル,ラップケースの外箱,町のリサイクルに出すか､クリーンセンターに持ち込む。,ら
燃えないごみ,ラップケースの刃（金属製、プラスチック製）,,ら
資源物,ラムネびん（ガラス製）,キャップは容器包装プラスチックに入れる。中は洗って出す。,ら
容器包装プラスチック,ラムネびん（プラスチック製）,中を洗い、キャップもはずして容器包装プラスチックに出す。,ら
燃えるごみ,ランドセル,取りはずせる金具はとりはずして燃えないごみに出す。,ら
燃えないごみ,リール（釣り竿用）（金属が外れるもの）,,り
燃えないごみ,リモコン,,り
粗大ごみ,リヤカー,指定袋に入る場合は、燃えないごみに出す。直接施設に搬入する場合は、リサイクルプラザへ。,り
燃えるごみ,リュックサック,,り
出せない,冷蔵庫・冷凍庫,家電リサイクル法に基づき処理する。,れ
燃えるごみ,冷凍食品,,れ
容器包装プラスチック,冷凍食品の袋,中を洗って出す。,れ
燃えるごみ,冷凍保存パック,中を洗って出す。,れ
燃えるごみ,レインコート,,れ
燃えないごみ,レコード盤,,れ
燃えないごみ,レコードプレイヤー,,れ
燃えるごみ,レシート,,れ
容器包装プラスチック,レジ袋（スーパー等の買い物袋）,,れ
燃えるごみ,レジャーシート,,れ
リサイクル,レトルト食品の外箱（カレー等）,町のリサイクルに出すか､クリーンセンターに持ち込む。,れ
容器包装プラスチック,レトルト食品容器,中を洗って出す。,れ
出せない,レンガ,専門業者へ持って行く。,れ
粗大ごみ,レンジ,指定袋に入る場合は、燃えないごみに出す。直接施設に搬入する場合は、リサイクルプラザへ。,れ
粗大ごみ,レンジ台,指定袋に入る場合は、燃えないごみに出す。直接施設に搬入する場合は、リサイクルプラザへ。,れ
燃えるごみ,練炭,,れ
燃えるごみ,ロウソク,,ろ
燃えるごみ,ロープ（プラスチック製、布製）,,ろ
燃えないごみ,ローラースケート,,ろ
燃えるごみ,ロールペーパー,,ろ
燃えないごみ,ワイパー,,わ
燃えないごみ,ワイヤー,,わ
燃えないごみ,ワイングラス,割れた物は、新聞紙に包んで出す。,わ
資源物,ワインのびん,中は洗って出す。キャップは燃えないごみ、コルクは燃えるごみに出す。,わ
燃えるごみ,和紙,,わ
燃えるごみ,綿,,わ
燃えるごみ,ワックス（液体、固定）,,わ
燃えないごみ,ワックス容器（金属製）,中身はきれいに使い切って出す。,わ
容器包装プラスチック,ワックス容器（プラスチック製）,必ず残量を取り除き、中を洗う。キャップもはずして容器包装プラスチックに出す。,わ
燃えるごみ,和服,,わ
燃えるごみ,わら製品（民芸品など）,,わ
燃えるごみ,割り箸,,わ
燃えないごみ,椀（わん）プラスチック製、陶磁器,割れた物は、新聞紙に包んで出す。,わ
燃えるごみ,椀（わん）,,わ
資源物,ワンカップの酒びん（ガラス製）,金属製キャップは燃えないごみに、プラスチック製キャップは容器包装プラスチックに出す。中は洗って出す。,わ
ペットボトル,ワンカップ容器（ペットボトル）,キャップとラベルははずして容器包装プラスチックへ入れる。中は洗って出す。,わ
燃えるごみ,ワンピース,,わ
